                  epoch,         train/box_loss,         train/cls_loss,         train/dfl_loss,   metrics/precision(B),      metrics/recall(B),       metrics/mAP50(B),    metrics/mAP50-95(B),           val/box_loss,           val/cls_loss,           val/dfl_loss,                 lr/pg0,                 lr/pg1,                 lr/pg2
                      1,                 1.8343,                 2.9583,                  1.679,                0.85523,                0.30502,                0.53605,                0.24243,                 1.4863,                 2.5589,                 1.2345,                0.00024,                0.00024,                0.00024
                      2,                 1.4565,                  1.592,                 1.3122,                 0.8017,                0.35155,                0.54608,                0.27539,                 1.3659,                 2.3529,                 1.2633,             0.00049752,             0.00049752,             0.00049752
                      3,                 1.3865,                 1.4428,                 1.2814,                0.81737,                 0.4135,                0.63241,                0.36164,                 1.3412,                 2.1433,                 1.2944,             0.00075248,             0.00075248,             0.00075248
                      4,                 1.3598,                 1.3757,                 1.2646,                0.56137,                0.47283,                0.48658,                0.27089,                 1.3464,                  2.051,                 1.3347,              0.0010049,              0.0010049,              0.0010049
                      5,                 1.3286,                 1.3071,                 1.2442,                0.69868,                0.56393,                0.60841,                0.34283,                 1.3675,                 1.9272,                 1.3352,              0.0012547,              0.0012547,              0.0012547
                      6,                  1.299,                 1.2652,                 1.2241,                0.71208,                0.61277,                0.67483,                0.37433,                 1.3244,                 1.8111,                 1.3232,              0.0015019,              0.0015019,              0.0015019
                      7,                 1.2736,                 1.2478,                 1.2155,                0.75865,                0.65761,                0.74043,                0.43913,                 1.2832,                 1.3878,                   1.27,              0.0017465,              0.0017465,              0.0017465
                      8,                 1.3074,                 1.2463,                 1.2435,                0.68138,                 0.6875,                0.70136,                0.40177,                 1.3728,                 1.3443,                 1.3087,              0.0019307,              0.0019307,              0.0019307
                      9,                 1.3252,                 1.2579,                 1.2736,                0.70529,                0.71467,                0.74707,                0.44417,                 1.3494,                  1.255,                 1.3089,              0.0019307,              0.0019307,              0.0019307
                     10,                  1.298,                 1.1811,                 1.2395,                0.78715,                0.71352,                0.79513,                0.48528,                 1.3128,                 1.1805,                 1.2942,              0.0019208,              0.0019208,              0.0019208
                     11,                 1.2698,                  1.142,                 1.2174,                0.77657,                0.71308,                0.78197,                0.45532,                 1.2935,                 1.2019,                 1.3099,              0.0019109,              0.0019109,              0.0019109
                     12,                 1.2568,                 1.0953,                 1.2189,                0.75507,                0.67935,                0.74492,                 0.4368,                 1.3019,                 1.3198,                 1.3246,               0.001901,               0.001901,               0.001901
                     13,                  1.215,                 1.0422,                  1.185,                0.80394,                 0.7187,                0.80492,                0.49067,                 1.2852,                 1.1185,                 1.2666,              0.0018911,              0.0018911,              0.0018911
                     14,                 1.2141,                 1.0307,                 1.1931,                0.72782,                0.70788,                0.76349,                0.46172,                 1.2801,                 1.1511,                 1.2798,              0.0018812,              0.0018812,              0.0018812
                     15,                 1.2077,                 1.0651,                 1.1761,                0.71974,                0.65251,                0.70806,                0.40731,                 1.3826,                 1.3402,                  1.362,              0.0018713,              0.0018713,              0.0018713
                     16,                 1.2225,                 1.0109,                 1.1827,                 0.7824,                0.68881,                0.77997,                0.49669,                 1.2493,                 1.1273,                 1.2269,              0.0018614,              0.0018614,              0.0018614
                     17,                 1.1809,                0.99518,                 1.1651,                0.76646,                0.65897,                0.76203,                0.46833,                 1.2516,                 1.1949,                 1.2772,              0.0018515,              0.0018515,              0.0018515
                     18,                  1.193,                0.97125,                  1.192,                0.74197,                0.69022,                0.75586,                 0.4533,                 1.2818,                 1.1524,                 1.3008,              0.0018416,              0.0018416,              0.0018416
                     19,                 1.1958,                0.98589,                 1.1817,                0.80824,                   0.75,                0.83274,                0.51575,                 1.2488,                0.99947,                 1.2614,              0.0018317,              0.0018317,              0.0018317
                     20,                 1.2187,                0.98051,                  1.192,                0.82161,                 0.7337,                0.84596,                0.54035,                 1.1876,                0.98255,                 1.2145,              0.0018218,              0.0018218,              0.0018218
                     21,                  1.168,                0.94008,                 1.1702,                0.77136,                 0.7731,                 0.8357,                0.53342,                 1.2213,                 1.0063,                 1.2254,              0.0018119,              0.0018119,              0.0018119
                     22,                 1.1463,                0.93498,                 1.1538,                0.81204,                0.76495,                0.85701,                0.54667,                 1.1881,                0.94692,                 1.2046,               0.001802,               0.001802,               0.001802
                     23,                 1.1369,                0.88955,                 1.1457,                0.79061,                0.75408,                0.83515,                0.54433,                 1.1827,                0.94934,                 1.2019,              0.0017921,              0.0017921,              0.0017921
                     24,                 1.1019,                0.88833,                  1.148,                0.80866,                 0.7894,                0.85422,                0.56173,                  1.171,                0.91213,                 1.1823,              0.0017822,              0.0017822,              0.0017822
                     25,                  1.139,                0.89552,                 1.1606,                0.75005,                 0.7461,                0.80762,                0.51099,                 1.2147,                 1.0179,                  1.228,              0.0017723,              0.0017723,              0.0017723
                     26,                   1.17,                0.91995,                 1.1644,                0.80109,                0.77038,                0.84697,                0.54602,                 1.1658,                0.94419,                 1.1898,              0.0017624,              0.0017624,              0.0017624
                     27,                 1.1575,                0.88757,                 1.1694,                0.77677,                0.75951,                0.83976,                0.52906,                 1.2444,                0.95403,                 1.2586,              0.0017525,              0.0017525,              0.0017525
                     28,                 1.1198,                0.86611,                 1.1467,                0.78955,                0.72892,                0.81966,                0.51931,                 1.1734,                 1.0117,                 1.1911,              0.0017426,              0.0017426,              0.0017426
                     29,                 1.1253,                0.86754,                 1.1335,                0.82014,                0.74864,                0.83725,                0.54119,                 1.1633,                0.97291,                 1.2019,              0.0017327,              0.0017327,              0.0017327
                     30,                 1.1233,                0.85601,                 1.1375,                0.85544,                0.74775,                0.86768,                0.57159,                 1.1367,                0.87536,                 1.1663,              0.0017228,              0.0017228,              0.0017228
                     31,                 1.1074,                0.82065,                 1.1094,                0.77257,                0.77582,                0.84052,                 0.5525,                 1.1469,                0.91189,                 1.1858,              0.0017129,              0.0017129,              0.0017129
                     32,                 1.0797,                 0.8026,                 1.1301,                0.76473,                0.69022,                0.76329,                 0.4688,                 1.2659,                 1.1065,                 1.2778,               0.001703,               0.001703,               0.001703
                     33,                 1.1006,                0.80438,                 1.1231,                0.79746,                0.74896,                 0.8264,                0.53024,                 1.2002,                0.92931,                 1.2238,              0.0016931,              0.0016931,              0.0016931
                     34,                   1.06,                0.77048,                 1.1016,                0.82703,                0.73234,                0.83178,                0.52738,                 1.1947,                0.94103,                 1.2204,              0.0016832,              0.0016832,              0.0016832
                     35,                 1.0969,                0.78687,                 1.1229,                0.82945,                0.69158,                0.81949,                0.51106,                 1.2428,                0.98927,                 1.2509,              0.0016733,              0.0016733,              0.0016733
                     36,                 1.0965,                0.79447,                 1.1074,                0.78941,                0.73851,                0.82289,                0.52922,                 1.1774,                 0.9441,                 1.2015,              0.0016634,              0.0016634,              0.0016634
                     37,                 1.0898,                0.77805,                 1.1288,                0.81247,                0.77113,                 0.8467,                0.55099,                 1.1608,                0.87666,                 1.1931,              0.0016535,              0.0016535,              0.0016535
                     38,                 1.0792,                0.75541,                 1.1125,                0.81944,                0.79542,                0.86583,                0.55896,                 1.2028,                0.86959,                 1.2165,              0.0016436,              0.0016436,              0.0016436
                     39,                 1.0775,                0.75651,                  1.114,                0.83176,                0.74185,                0.83769,                0.52077,                 1.2252,                0.94121,                 1.2345,              0.0016337,              0.0016337,              0.0016337
                     40,                 1.0756,                0.78396,                 1.1117,                0.80822,                0.75009,                0.83329,                0.51983,                  1.222,                 0.9619,                 1.2498,              0.0016238,              0.0016238,              0.0016238
                     41,                 1.1057,                0.81084,                 1.1277,                0.79189,                 0.7731,                0.83227,                0.51783,                  1.219,                0.94698,                  1.251,              0.0016139,              0.0016139,              0.0016139
                     42,                 1.0634,                0.76851,                 1.1083,                0.79364,                0.74203,                0.82009,                0.51213,                 1.2233,                0.95565,                 1.2529,               0.001604,               0.001604,               0.001604
                     43,                 1.0923,                0.76997,                 1.1028,                0.84009,                0.75662,                0.84781,                0.54965,                  1.193,                 0.8657,                 1.2244,              0.0015941,              0.0015941,              0.0015941
                     44,                 1.0537,                 0.7323,                 1.0841,                0.83504,                 0.7731,                0.85838,                0.55126,                 1.1869,                0.84382,                 1.2083,              0.0015842,              0.0015842,              0.0015842
                     45,                 1.0409,                0.71977,                 1.0856,                0.82845,                0.75679,                0.83706,                0.54213,                 1.1913,                0.85217,                 1.2338,              0.0015743,              0.0015743,              0.0015743
                     46,                 1.0146,                 0.7085,                 1.0733,                0.82978,                0.76359,                0.84659,                0.55181,                 1.1702,                0.87838,                 1.2104,              0.0015644,              0.0015644,              0.0015644
                     47,                 1.0171,                0.69959,                 1.0757,                0.81297,                0.77366,                0.84449,                0.54481,                 1.2047,                0.85366,                 1.2351,              0.0015545,              0.0015545,              0.0015545
                     48,                 1.0549,                0.73067,                 1.0996,                0.79155,                0.78939,                0.84105,                0.54635,                 1.1902,                 0.8637,                 1.2304,              0.0015446,              0.0015446,              0.0015446
                     49,                 1.0394,                0.71752,                 1.0976,                0.79896,                0.75136,                0.82965,                 0.5268,                 1.2096,                0.96271,                 1.2602,              0.0015347,              0.0015347,              0.0015347
                     50,                 1.0307,                0.68319,                 1.0796,                0.81034,                0.77789,                0.85708,                0.55029,                 1.2215,                0.86725,                 1.2515,              0.0015248,              0.0015248,              0.0015248
                     51,                 1.0029,                0.67396,                 1.0784,                0.81422,                0.78397,                0.86035,                0.55442,                 1.1941,                0.85179,                 1.2287,              0.0015149,              0.0015149,              0.0015149
                     52,                   1.03,                  0.687,                 1.0778,                0.80718,                0.77356,                0.83663,                0.53872,                 1.1972,                0.89268,                 1.2222,               0.001505,               0.001505,               0.001505
                     53,                 1.0169,                0.67806,                 1.0774,                0.84033,                0.74185,                0.82165,                0.51012,                 1.2304,                0.91421,                 1.2573,              0.0014951,              0.0014951,              0.0014951
                     54,                 1.0181,                0.66536,                 1.0747,                0.80717,                0.79053,                0.83547,                 0.5386,                 1.2036,                0.85067,                 1.2447,              0.0014852,              0.0014852,              0.0014852
                     55,                 1.0024,                0.65997,                  1.066,                0.81366,                0.78907,                0.84882,                0.54834,                 1.1904,                 0.8514,                 1.2272,              0.0014753,              0.0014753,              0.0014753
                     56,                0.98481,                0.68928,                 1.0615,                 0.8044,                0.73641,                 0.7944,                0.49137,                 1.2442,                0.95309,                 1.2697,              0.0014654,              0.0014654,              0.0014654
                     57,                 1.0152,                0.65758,                 1.0623,                0.81385,                0.80842,                0.84416,                0.54448,                 1.1927,                0.80996,                 1.2349,              0.0014555,              0.0014555,              0.0014555
                     58,                0.99874,                 0.6368,                 1.0679,                0.83567,                0.77387,                0.86078,                0.55546,                 1.2275,                0.83271,                 1.2735,              0.0014456,              0.0014456,              0.0014456
                     59,                0.98625,                0.63409,                 1.0516,                0.81997,                0.77974,                0.85227,                0.54432,                 1.1908,                0.85377,                 1.2367,              0.0014357,              0.0014357,              0.0014357
                     60,                 0.9802,                0.65745,                 1.0635,                0.84037,                0.76902,                0.85057,                0.53701,                 1.2287,                0.83488,                 1.2714,              0.0014258,              0.0014258,              0.0014258
                     61,                0.96931,                0.62755,                  1.055,                0.82385,                0.77527,                0.84622,                0.55082,                 1.2396,                0.84747,                 1.2564,              0.0014159,              0.0014159,              0.0014159
                     62,                0.99195,                0.64139,                 1.0553,                0.82624,                0.77989,                0.86227,                 0.5642,                 1.1954,                0.83264,                 1.2257,               0.001406,               0.001406,               0.001406
                     63,                0.97362,                0.63556,                 1.0509,                0.82122,                0.78016,                0.86261,                 0.5602,                 1.2137,                0.84595,                 1.2486,              0.0013961,              0.0013961,              0.0013961
                     64,                0.97777,                0.62934,                 1.0559,                0.82535,                0.82184,                0.87297,                0.56193,                  1.213,                0.78434,                 1.2326,              0.0013862,              0.0013862,              0.0013862
                     65,                0.96196,                0.61902,                 1.0472,                0.81904,                0.78714,                0.85792,                0.55427,                 1.2007,                0.83541,                 1.2351,              0.0013763,              0.0013763,              0.0013763
                     66,                0.96129,                0.62137,                  1.038,                0.84909,                0.77214,                0.86786,                0.57128,                 1.1754,                0.80649,                 1.2096,              0.0013664,              0.0013664,              0.0013664
                     67,                0.95545,                0.62028,                 1.0539,                0.79791,                0.79348,                0.85894,                0.55717,                 1.1973,                0.81798,                 1.2301,              0.0013565,              0.0013565,              0.0013565
                     68,                0.95499,                0.60925,                 1.0448,                0.84371,                0.77853,                0.87205,                0.56989,                 1.1628,                  0.774,                 1.2067,              0.0013466,              0.0013466,              0.0013466
                     69,                0.96406,                0.59707,                 1.0411,                0.81019,                0.81793,                0.86836,                0.57656,                  1.147,                0.76646,                    1.2,              0.0013367,              0.0013367,              0.0013367
                     70,                0.98242,                0.61927,                 1.0459,                0.85744,                0.77634,                0.88002,                  0.567,                 1.1921,                0.78061,                 1.2287,              0.0013268,              0.0013268,              0.0013268
                     71,                 0.9356,                 0.6009,                  1.047,                0.83975,                0.77717,                0.87395,                0.55984,                 1.2161,                0.79277,                 1.2674,              0.0013169,              0.0013169,              0.0013169
                     72,                0.95318,                0.63024,                 1.0403,                0.78448,                0.80611,                0.86703,                0.55304,                   1.22,                0.82721,                 1.2589,               0.001307,               0.001307,               0.001307
                     73,                0.94184,                0.60328,                 1.0337,                0.81205,                0.79755,                0.85655,                0.55443,                 1.1765,                0.85371,                 1.2255,              0.0012971,              0.0012971,              0.0012971
                     74,                0.96053,                0.60552,                 1.0404,                0.85341,                0.77989,                0.86293,                0.56562,                 1.1488,                0.82587,                 1.2013,              0.0012872,              0.0012872,              0.0012872
                     75,                0.93826,                0.59572,                 1.0344,                0.83137,                0.79041,                0.85181,                0.55106,                 1.1828,                0.85844,                 1.2482,              0.0012773,              0.0012773,              0.0012773
                     76,                 0.9675,                0.62398,                 1.0619,                0.85748,                0.79296,                0.86089,                0.56132,                 1.2002,                0.83549,                 1.2395,              0.0012674,              0.0012674,              0.0012674
                     77,                0.89746,                0.55466,                   1.02,                0.85134,                0.79365,                0.86211,                0.57627,                 1.1926,                0.77459,                  1.247,              0.0012575,              0.0012575,              0.0012575
                     78,                0.94992,                0.58359,                 1.0497,                 0.8122,                0.81677,                0.86399,                0.58237,                 1.1857,                0.78496,                 1.2459,              0.0012476,              0.0012476,              0.0012476
                     79,                0.88018,                0.55459,                 1.0185,                0.86542,                0.77989,                 0.8619,                0.56602,                 1.1951,                0.81148,                 1.2444,              0.0012377,              0.0012377,              0.0012377
                     80,                0.92245,                0.56599,                 1.0281,                0.83838,                0.79348,                0.87021,                0.55798,                  1.215,                0.80211,                  1.253,              0.0012278,              0.0012278,              0.0012278
                     81,                0.92494,                0.56615,                 1.0271,                0.82194,                0.80571,                0.86634,                0.55328,                 1.2333,                0.82027,                 1.2587,              0.0012179,              0.0012179,              0.0012179
                     82,                0.91847,                 0.5823,                 1.0231,                0.80806,                0.79891,                0.85533,                0.55362,                 1.2439,                0.80076,                 1.2844,               0.001208,               0.001208,               0.001208
                     83,                0.94002,                0.58658,                 1.0335,                0.82008,                 0.7962,                0.84798,                0.54917,                 1.2375,                 0.8016,                 1.2732,              0.0011981,              0.0011981,              0.0011981
                     84,                0.92791,                0.58623,                 1.0264,                0.84702,                0.80299,                0.87545,                0.55528,                 1.2441,                0.77962,                 1.2813,              0.0011882,              0.0011882,              0.0011882
                     85,                0.88198,                0.53718,                 1.0161,                0.87124,                0.77224,                0.86122,                0.54811,                 1.2181,                0.82322,                 1.2777,              0.0011783,              0.0011783,              0.0011783
                     86,                0.88563,                0.54969,                  1.009,                0.81347,                0.82201,                0.86347,                0.54577,                 1.2274,                0.80382,                 1.2884,              0.0011684,              0.0011684,              0.0011684
                     87,                0.88635,                0.55298,                 1.0213,                0.84132,                0.79964,                0.86137,                0.54487,                 1.2322,                0.78041,                 1.2998,              0.0011585,              0.0011585,              0.0011585
                     88,                 0.9304,                0.58372,                 1.0429,                 0.8743,                0.77717,                0.86795,                0.55777,                 1.2221,                 0.8136,                 1.2905,              0.0011486,              0.0011486,              0.0011486
                     89,                0.89437,                0.54969,                 1.0153,                  0.844,                0.80127,                 0.8585,                0.55892,                 1.2052,                0.81888,                 1.2572,              0.0011387,              0.0011387,              0.0011387
                     90,                0.90407,                0.54071,                 1.0117,                0.81951,                0.78397,                 0.8402,                0.55055,                 1.2178,                0.82882,                 1.2597,              0.0011288,              0.0011288,              0.0011288
                     91,                0.89181,                 0.5412,                 1.0046,                0.85445,                0.76574,                0.85485,                0.54272,                  1.223,                0.82713,                 1.2921,              0.0011189,              0.0011189,              0.0011189
                     92,                0.85615,                0.51901,                 1.0027,                0.85078,                0.78239,                0.85781,                 0.5627,                 1.2211,                0.80608,                 1.2895,               0.001109,               0.001109,               0.001109
                     93,                0.86221,                 0.5201,                0.98963,                0.80965,                0.80163,                0.85517,                0.55587,                 1.2119,                  0.817,                 1.2652,              0.0010991,              0.0010991,              0.0010991
                     94,                0.88096,                0.53468,                 1.0124,                0.82098,                0.80027,                0.84862,                0.56098,                 1.1943,                0.80023,                 1.2663,              0.0010892,              0.0010892,              0.0010892
                     95,                0.85573,                0.51615,                0.99402,                0.83203,                0.81114,                0.85399,                0.56206,                 1.1974,                0.79522,                 1.2673,              0.0010793,              0.0010793,              0.0010793
                     96,                0.89764,                 0.5312,                 1.0073,                0.82598,                0.80842,                0.86586,                0.55379,                 1.2417,                0.77875,                 1.2901,              0.0010694,              0.0010694,              0.0010694
                     97,                0.88201,                0.51931,                0.99721,                0.81991,                 0.8125,                0.86048,                0.55735,                 1.2353,                0.76901,                 1.2717,              0.0010595,              0.0010595,              0.0010595
                     98,                0.90942,                0.53624,                 1.0091,                0.84443,                0.79652,                0.85249,                 0.5564,                 1.2281,                0.81034,                 1.2715,              0.0010496,              0.0010496,              0.0010496
                     99,                0.87518,                0.51544,                0.99468,                0.83002,                0.80279,                0.85791,                0.56013,                  1.262,                0.79302,                 1.3083,              0.0010397,              0.0010397,              0.0010397
                    100,                0.90565,                0.53217,                 1.0083,                0.81619,                0.78125,                0.83949,                0.53959,                 1.2588,                 0.8716,                  1.288,              0.0010298,              0.0010298,              0.0010298
                    101,                0.88645,                0.52728,                 1.0064,                 0.8184,                0.80435,                0.85338,                0.56053,                 1.2386,                0.80393,                 1.2676,              0.0010199,              0.0010199,              0.0010199
                    102,                0.87239,                0.51326,                 1.0048,                0.85033,                0.79076,                0.85967,                0.55703,                 1.2222,                0.80546,                 1.2751,                0.00101,                0.00101,                0.00101
                    103,                0.83703,                0.49855,                0.99972,                 0.8335,                0.79577,                0.85658,                0.54578,                 1.2514,                0.79827,                 1.3042,              0.0010001,              0.0010001,              0.0010001
                    104,                0.85017,                0.50889,                0.99012,                0.82438,                0.77989,                0.83705,                0.53304,                 1.2695,                0.84705,                 1.3159,              0.0009902,              0.0009902,              0.0009902
                    105,                0.84022,                0.49274,                0.98312,                 0.8388,                0.82337,                0.86445,                0.56282,                 1.2174,                0.78017,                 1.2876,              0.0009803,              0.0009803,              0.0009803
                    106,                0.83031,                0.49447,                0.98117,                0.86357,                0.74822,                0.84151,                0.54021,                 1.2489,                0.85006,                 1.3192,              0.0009704,              0.0009704,              0.0009704
                    107,                0.87793,                0.51803,                 0.9903,                0.82994,                0.80897,                0.85279,                0.56065,                 1.1988,                0.78391,                 1.2565,              0.0009605,              0.0009605,              0.0009605
                    108,                0.83935,                0.49621,                0.97929,                0.83488,                0.81386,                0.86112,                0.56282,                 1.2212,                0.77957,                 1.2794,              0.0009506,              0.0009506,              0.0009506
                    109,                0.81818,                 0.4826,                0.97778,                0.85797,                0.78397,                0.86074,                0.56435,                 1.2285,                0.77744,                 1.2872,              0.0009407,              0.0009407,              0.0009407
                    110,                0.82576,                0.48095,                0.97785,                0.84715,                0.78261,                0.86555,                0.55877,                 1.2255,                0.76968,                 1.2899,              0.0009308,              0.0009308,              0.0009308
                    111,                 0.7999,                0.47615,                0.96903,                0.84206,                0.77853,                0.85692,                0.55768,                 1.2273,                0.79304,                 1.2869,              0.0009209,              0.0009209,              0.0009209
                    112,                0.82204,                0.49462,                0.98023,                0.80298,                 0.8288,                0.85835,                0.55701,                  1.235,                0.75662,                 1.2937,               0.000911,               0.000911,               0.000911
                    113,                0.83095,                0.49194,                  0.982,                0.83452,                0.80842,                0.85363,                0.55487,                 1.2328,                0.78015,                 1.2883,              0.0009011,              0.0009011,              0.0009011
                    114,                0.81311,                0.47316,                0.98154,                0.85783,                0.80299,                0.86216,                0.56748,                 1.2208,                0.75281,                 1.2831,              0.0008912,              0.0008912,              0.0008912
                    115,                0.82062,                0.47584,                0.98354,                0.84288,                0.81635,                0.86552,                0.57057,                 1.2127,                 0.7469,                 1.2672,              0.0008813,              0.0008813,              0.0008813
                    116,                0.80565,                0.47709,                0.96782,                0.84519,                0.82339,                0.86005,                 0.5635,                 1.2185,                0.77193,                 1.2888,              0.0008714,              0.0008714,              0.0008714
                    117,                0.81916,                0.48387,                0.98223,                0.86691,                 0.7894,                0.85358,                 0.5558,                 1.2304,                0.79495,                 1.2914,              0.0008615,              0.0008615,              0.0008615
                    118,                0.78883,                 0.4675,                0.97594,                0.85176,                0.79484,                0.85995,                0.55713,                 1.2372,                0.77821,                 1.3068,              0.0008516,              0.0008516,              0.0008516
                    119,                0.81383,                0.48177,                0.96539,                0.85335,                0.80707,                0.87229,                0.56175,                 1.2434,                0.77282,                 1.3064,              0.0008417,              0.0008417,              0.0008417
                    120,                0.79134,                0.48862,                 0.9671,                0.86575,                0.79212,                0.86364,                0.55844,                 1.2386,                 0.8021,                 1.3128,              0.0008318,              0.0008318,              0.0008318
                    121,                0.84715,                0.46934,                0.98385,                0.86972,                0.78912,                0.85707,                0.55229,                 1.2465,                0.79146,                 1.3201,              0.0008219,              0.0008219,              0.0008219
                    122,                0.80766,                0.46357,                0.96247,                0.86872,                0.79484,                0.86059,                0.54557,                 1.2664,                0.79804,                 1.3379,               0.000812,               0.000812,               0.000812
                    123,                0.79924,                0.46257,                0.96379,                0.83684,                0.81929,                 0.8593,                0.55449,                 1.2735,                0.77205,                 1.3462,              0.0008021,              0.0008021,              0.0008021
                    124,                0.83341,                0.49067,                 0.9721,                0.83945,                0.78804,                0.84901,                0.55259,                 1.2512,                0.78297,                 1.3196,              0.0007922,              0.0007922,              0.0007922
                    125,                0.81575,                 0.4727,                0.96951,                0.82583,                0.80529,                0.85629,                0.56233,                  1.243,                0.77706,                 1.3149,              0.0007823,              0.0007823,              0.0007823
                    126,                0.79572,                0.46075,                0.97333,                0.82929,                0.81842,                0.86524,                0.55531,                 1.2655,                0.78514,                 1.3337,              0.0007724,              0.0007724,              0.0007724
                    127,                0.78667,                0.44334,                0.95615,                  0.831,                0.78533,                0.84995,                0.55027,                 1.2549,                0.80376,                 1.3183,              0.0007625,              0.0007625,              0.0007625
                    128,                0.79068,                0.45506,                0.95161,                0.83554,                0.78533,                0.85204,                0.55679,                 1.2511,                0.79068,                 1.3193,              0.0007526,              0.0007526,              0.0007526
                    129,                0.77309,                0.44959,                0.95609,                0.82612,                0.81658,                0.86466,                0.56509,                 1.2322,                0.74388,                 1.2973,              0.0007427,              0.0007427,              0.0007427
                    130,                0.77862,                0.44586,                0.95295,                0.84114,                0.80572,                 0.8779,                0.57971,                 1.2326,                0.75277,                 1.3168,              0.0007328,              0.0007328,              0.0007328
                    131,                0.78709,                0.45301,                0.97135,                0.83283,                0.79194,                 0.8613,                0.55426,                 1.2778,                0.78635,                 1.3368,              0.0007229,              0.0007229,              0.0007229
                    132,                0.79859,                0.45761,                0.96003,                0.84626,                0.80026,                0.86143,                0.55844,                 1.2468,                0.76021,                 1.3126,               0.000713,               0.000713,               0.000713
                    133,                0.78215,                0.45364,                0.95614,                0.82261,                0.79755,                0.84344,                0.55175,                 1.2364,                 0.7886,                 1.2996,              0.0007031,              0.0007031,              0.0007031
                    134,                 0.7835,                0.45232,                0.95003,                0.86148,                0.77737,                0.84726,                0.55461,                 1.2253,                0.78857,                 1.3037,              0.0006932,              0.0006932,              0.0006932
                    135,                0.78474,                0.44836,                0.96337,                0.85813,                0.80541,                0.86098,                0.56155,                 1.2321,                0.75873,                 1.3211,              0.0006833,              0.0006833,              0.0006833
                    136,                0.74748,                0.42749,                0.95137,                0.86464,                0.80163,                0.86052,                0.56601,                  1.236,                0.73944,                 1.3323,              0.0006734,              0.0006734,              0.0006734
                    137,                0.78697,                 0.4556,                0.97211,                0.87645,                0.79348,                0.86557,                0.56587,                  1.235,                0.75202,                 1.3114,              0.0006635,              0.0006635,              0.0006635
                    138,                0.77161,                 0.4437,                0.94555,                0.83739,                 0.7894,                0.86016,                 0.5601,                 1.2443,                0.77518,                 1.3042,              0.0006536,              0.0006536,              0.0006536
                    139,                0.75687,                 0.4407,                0.93807,                0.86723,                0.77209,                0.86057,                0.55252,                 1.2693,                0.79525,                 1.3256,              0.0006437,              0.0006437,              0.0006437
                    140,                0.75565,                0.42539,                0.93864,                0.86261,                0.78481,                0.86445,                0.56573,                 1.2497,                0.76733,                 1.3117,              0.0006338,              0.0006338,              0.0006338
                    141,                0.73899,                 0.4221,                0.93936,                 0.8407,                0.79891,                0.85934,                0.56032,                  1.259,                0.76341,                 1.3152,              0.0006239,              0.0006239,              0.0006239
                    142,                0.77028,                0.44141,                0.95896,                0.84019,                0.80721,                0.86602,                0.56336,                 1.2313,                0.75856,                 1.2977,               0.000614,               0.000614,               0.000614
                    143,                0.75431,                0.43911,                 0.9494,                0.84124,                0.80299,                0.85512,                0.56124,                 1.2408,                0.76446,                 1.3079,              0.0006041,              0.0006041,              0.0006041
                    144,                0.74172,                0.43504,                0.94714,                0.82447,                0.80027,                 0.8549,                0.56126,                 1.2496,                0.77506,                 1.3209,              0.0005942,              0.0005942,              0.0005942
                    145,                 0.7641,                0.44013,                0.94785,                0.83626,                0.80492,                0.85504,                0.55811,                 1.2634,                0.78663,                 1.3241,              0.0005843,              0.0005843,              0.0005843
                    146,                0.72426,                0.41707,                0.93881,                0.84622,                0.80299,                0.86125,                0.56106,                 1.2481,                0.73817,                 1.3255,              0.0005744,              0.0005744,              0.0005744
                    147,                0.74194,                0.42845,                0.93958,                0.85074,                0.78218,                0.85061,                0.54917,                 1.2489,                0.77439,                 1.3239,              0.0005645,              0.0005645,              0.0005645
                    148,                0.72541,                 0.4138,                0.92755,                0.82538,                 0.8092,                0.85892,                0.55949,                  1.235,                0.77145,                 1.3282,              0.0005546,              0.0005546,              0.0005546
                    149,                0.73062,                0.42365,                0.94829,                0.83842,                0.81784,                 0.8564,                0.55952,                 1.2307,                0.76143,                 1.3132,              0.0005447,              0.0005447,              0.0005447
                    150,                0.73672,                0.42026,                0.94452,                0.85435,                0.79348,                0.85632,                0.55126,                 1.2542,                0.77569,                 1.3339,              0.0005348,              0.0005348,              0.0005348
                    151,                0.69344,                0.40922,                 0.9355,                0.82868,                0.81929,                0.85667,                0.56038,                 1.2499,                0.75999,                 1.3372,              0.0005249,              0.0005249,              0.0005249
                    152,                0.73123,                0.41941,                 0.9343,                0.85167,                0.79891,                0.85508,                0.55324,                 1.2541,                0.75244,                 1.3259,               0.000515,               0.000515,               0.000515
                    153,                0.70046,                0.41097,                0.92921,                0.86303,                0.77048,                0.84952,                0.55217,                 1.2693,                0.78038,                 1.3387,              0.0005051,              0.0005051,              0.0005051
                    154,                 0.7129,                0.41335,                0.93988,                0.83353,                0.81638,                0.86369,                0.56293,                 1.2451,                0.76917,                 1.3251,              0.0004952,              0.0004952,              0.0004952
                    155,                0.72324,                0.40925,                0.93411,                0.84924,                0.81125,                0.86873,                0.57514,                 1.2294,                0.76267,                 1.3189,              0.0004853,              0.0004853,              0.0004853
                    156,                0.73644,                0.41694,                0.92851,                0.85064,                0.80978,                0.86283,                0.55708,                 1.2557,                0.78394,                 1.3265,              0.0004754,              0.0004754,              0.0004754
                    157,                0.72129,                 0.4135,                0.92784,                0.84994,                0.79268,                0.86633,                 0.5682,                 1.2255,                0.79211,                 1.3059,              0.0004655,              0.0004655,              0.0004655
                    158,                0.71437,                0.40984,                0.93678,                 0.8615,                0.79348,                  0.873,                0.57213,                  1.236,                0.77699,                 1.3167,              0.0004556,              0.0004556,              0.0004556
                    159,                  0.719,                0.40936,                0.92313,                 0.8744,                0.79755,                 0.8771,                0.57211,                 1.2323,                0.75498,                 1.3162,              0.0004457,              0.0004457,              0.0004457
                    160,                0.69303,                0.41302,                0.93032,                 0.8735,                0.78125,                0.87888,                0.56348,                 1.2544,                0.76183,                  1.338,              0.0004358,              0.0004358,              0.0004358
                    161,                0.71277,                0.41855,                0.93686,                0.83718,                0.81658,                 0.8716,                0.56696,                 1.2631,                0.75688,                 1.3455,              0.0004259,              0.0004259,              0.0004259
                    162,                0.70159,                0.40848,                0.93552,                0.83605,                0.80369,                0.85285,                0.56081,                 1.2625,                0.79079,                  1.339,               0.000416,               0.000416,               0.000416
                    163,                0.69389,                0.40511,                0.93213,                0.85069,                0.79348,                0.85885,                0.56315,                  1.244,                0.77293,                  1.325,              0.0004061,              0.0004061,              0.0004061
                    164,                0.69651,                0.40292,                0.92735,                0.85042,                0.81522,                0.87183,                0.56649,                 1.2505,                 0.7509,                 1.3324,              0.0003962,              0.0003962,              0.0003962
                    165,                0.71747,                0.42241,                0.94146,                0.84067,                0.81658,                0.86004,                 0.5616,                 1.2579,                0.73916,                 1.3425,              0.0003863,              0.0003863,              0.0003863
                    166,                0.68349,                0.39336,                0.91922,                0.86043,                0.80707,                0.86677,                0.57009,                 1.2481,                0.74288,                 1.3446,              0.0003764,              0.0003764,              0.0003764
                    167,                0.70005,                0.40124,                 0.9322,                0.84713,                0.80571,                0.86749,                0.56771,                 1.2564,                 0.7568,                  1.347,              0.0003665,              0.0003665,              0.0003665
                    168,                0.68079,                0.39045,                0.91968,                0.84884,                0.80111,                0.86957,                0.56572,                 1.2523,                0.74585,                 1.3403,              0.0003566,              0.0003566,              0.0003566
                    169,                0.64805,                0.37795,                0.90667,                0.85747,                0.80921,                0.87089,                 0.5703,                 1.2644,                0.72835,                 1.3577,              0.0003467,              0.0003467,              0.0003467
                    170,                0.68538,                0.39454,                0.91915,                0.86022,                0.81114,                 0.8735,                0.57267,                 1.2597,                0.72135,                 1.3543,              0.0003368,              0.0003368,              0.0003368
                    171,                0.69552,                 0.4108,                0.93259,                0.83008,                0.82968,                0.87485,                0.57238,                 1.2479,                0.73071,                 1.3313,              0.0003269,              0.0003269,              0.0003269
                    172,                0.67434,                0.39291,                0.91926,                0.82285,                0.83424,                0.87133,                0.56525,                 1.2472,                0.73907,                  1.332,               0.000317,               0.000317,               0.000317
                    173,                0.71647,                0.41469,                0.92357,                 0.8465,                 0.8092,                 0.8695,                0.56654,                 1.2485,                0.73681,                 1.3301,              0.0003071,              0.0003071,              0.0003071
                    174,                0.67893,                 0.3863,                0.90979,                0.83986,                0.83016,                 0.8718,                0.57147,                  1.257,                 0.7376,                  1.331,              0.0002972,              0.0002972,              0.0002972
                    175,                0.66718,                0.40494,                0.92611,                0.83946,                0.82411,                0.86814,                0.57182,                 1.2599,                 0.7495,                 1.3403,              0.0002873,              0.0002873,              0.0002873
                    176,                0.68393,                0.38994,                0.92278,                0.84535,                 0.8125,                0.86229,                0.56604,                 1.2807,                0.76608,                 1.3597,              0.0002774,              0.0002774,              0.0002774
                    177,                0.66792,                0.38391,                0.91448,                0.86193,                0.80027,                0.86784,                0.56655,                 1.2758,                0.76082,                 1.3598,              0.0002675,              0.0002675,              0.0002675
                    178,                 0.6632,                0.38287,                0.91095,                0.85219,                0.80687,                0.86845,                0.57054,                 1.2582,                0.74508,                 1.3597,              0.0002576,              0.0002576,              0.0002576
                    179,                0.66267,                0.40163,                0.92702,                0.85291,                0.80362,                0.87073,                0.57198,                 1.2524,                0.73419,                 1.3566,              0.0002477,              0.0002477,              0.0002477
                    180,                0.65892,                0.37859,                0.90878,                0.86205,                0.80163,                0.87236,                0.57305,                 1.2511,                0.74661,                 1.3485,              0.0002378,              0.0002378,              0.0002378
                    181,                0.66293,                0.38107,                0.90855,                0.83703,                0.81645,                0.86863,                0.57054,                 1.2523,                0.75463,                 1.3455,              0.0002279,              0.0002279,              0.0002279
                    182,                  0.639,                0.36831,                0.90831,                0.83172,                0.81658,                0.86503,                 0.5712,                 1.2526,                0.75745,                 1.3478,               0.000218,               0.000218,               0.000218
                    183,                0.65746,                0.38086,                0.91373,                0.83194,                 0.8071,                0.86796,                0.57123,                 1.2523,                0.76176,                  1.347,              0.0002081,              0.0002081,              0.0002081
                    184,                0.66154,                0.37775,                0.90558,                 0.8518,                0.80027,                 0.8625,                0.56632,                 1.2553,                0.76163,                 1.3578,              0.0001982,              0.0001982,              0.0001982
                    185,                0.65084,                0.38429,                0.91735,                0.84662,                0.80163,                0.85822,                0.56657,                 1.2712,                0.75746,                 1.3757,              0.0001883,              0.0001883,              0.0001883
                    186,                0.69155,                0.39849,                0.92482,                0.85468,                0.79212,                0.86004,                 0.5673,                 1.2729,                0.76576,                  1.373,              0.0001784,              0.0001784,              0.0001784
                    187,                 0.6602,                0.38111,                0.91379,                 0.8511,                0.80766,                0.85824,                0.56309,                 1.2667,                0.77726,                 1.3636,              0.0001685,              0.0001685,              0.0001685
                    188,                0.63103,                0.36123,                0.90969,                0.87771,                0.78533,                0.86233,                0.56392,                 1.2658,                0.79136,                 1.3608,              0.0001586,              0.0001586,              0.0001586
                    189,                0.66384,                0.38201,                0.91781,                0.86901,                0.78397,                0.86353,                0.56814,                 1.2643,                0.77634,                 1.3587,              0.0001487,              0.0001487,              0.0001487
                    190,                0.66696,                0.38788,                0.91735,                0.85681,                0.80488,                0.86608,                0.57018,                 1.2571,                0.76286,                  1.358,              0.0001388,              0.0001388,              0.0001388
                    191,                0.68842,                0.41534,                0.91942,                0.86982,                0.78979,                0.86962,                0.56956,                 1.2583,                0.74342,                  1.364,              0.0001289,              0.0001289,              0.0001289
                    192,                0.59322,                0.33753,                0.88559,                 0.8621,                0.78998,                0.86376,                0.55763,                 1.2843,                0.76348,                 1.3897,               0.000119,               0.000119,               0.000119
                    193,                0.61069,                0.34033,                0.88237,                0.84847,                0.80027,                0.86129,                0.55948,                 1.2761,                0.76025,                 1.3927,              0.0001091,              0.0001091,              0.0001091
                    194,                  0.619,                0.35583,                0.88034,                0.84971,                0.80707,                 0.8641,                0.56591,                 1.2605,                0.74394,                 1.3809,               9.92e-05,               9.92e-05,               9.92e-05
                    195,                0.62786,                0.34556,                0.89425,                0.84187,                0.81522,                  0.868,                0.56563,                  1.264,                0.73697,                 1.3858,               8.93e-05,               8.93e-05,               8.93e-05
                    196,                0.57902,                0.32445,                0.87212,                0.85902,                0.80304,                 0.8634,                 0.5614,                 1.2662,                0.72978,                 1.3755,               7.94e-05,               7.94e-05,               7.94e-05
                    197,                0.58881,                 0.3286,                0.86878,                0.84956,                0.80978,                0.86578,                0.56126,                 1.2651,                0.73476,                 1.3716,               6.95e-05,               6.95e-05,               6.95e-05
                    198,                0.58336,                0.32128,                0.86827,                0.84138,                0.81793,                0.86715,                0.56052,                 1.2697,                0.74163,                 1.3801,               5.96e-05,               5.96e-05,               5.96e-05
                    199,                0.57225,                0.31293,                0.87082,                0.83558,                0.81929,                0.86564,                0.56027,                 1.2726,                 0.7467,                 1.3827,               4.97e-05,               4.97e-05,               4.97e-05
                    200,                0.58646,                0.32736,                0.87416,                0.84005,                0.83016,                0.86228,                0.55827,                  1.282,                 0.7529,                 1.3899,               3.98e-05,               3.98e-05,               3.98e-05
